;http://searchmobilecomputing.techtarget.com/definition/2D-barcode;;;;
;http://en.m.wikipedia.org;http://en.m.wikipedia.org;http://en.m.wikipedia.org;http://en.m.wikipedia.org;http://en.m.wikipedia.org
;http://en.m.wikipedia.org;http://en.m.wikipedia.org;http://en.m.wikipedia.org;http://en.m.wikipedia.org;http://en.m.wikipedia.org
;http://en.m.wikipedia.org;http://en.m.wikipedia.org;http://en.m.wikipedia.org;http://en.m.wikipedia.org;http://en.m.wikipedia.org
;http://en.m.wikipedia.org;http://en.m.wikipedia.org;http://en.m.wikipedia.org;http://en.m.wikipedia.org;http://en.m.wikipedia.org
;http://en.m.wikipedia.org;http://en.m.wikipedia.org;http://en.m.wikipedia.org;http://en.m.wikipedia.org;http://en.m.wikipedia.org
;http://en.m.wikipedia.org;http://en.m.wikipedia.org;http://en.m.wikipedia.org;http://en.m.wikipedia.org;http://en.m.wikipedia.org
;http://en.m.wikipedia.org;http://en.m.wikipedia.org;http://en.m.wikipedia.org;http://en.m.wikipedia.org;http://en.m.wikipedia.org
;http://en.m.wikipedia.org;http://en.m.wikipedia.org;http://en.m.wikipedia.org;http://en.m.wikipedia.org;http://en.m.wikipedia.org
;http://en.m.wikipedia.org;http://en.m.wikipedia.org;http://en.m.wikipedia.org;http://en.m.wikipedia.org;http://en.m.wikipedia.org
;http://en.m.wikipedia.org;http://en.m.wikipedia.org;http://en.m.wikipedia.org;http://en.m.wikipedia.org;http://en.m.wikipedia.org
;http://en.m.wikipedia.org;http://en.m.wikipedia.org;http://en.m.wikipedia.org;http://en.m.wikipedia.org;http://en.m.wikipedia.org
;http://en.m.wikipedia.org;http://en.m.wikipedia.org;http://en.m.wikipedia.org;http://en.m.wikipedia.org;http://en.m.wikipedia.org
;http://en.m.wikipedia.org;http://en.m.wikipedia.org;http://en.m.wikipedia.org;http://en.m.wikipedia.org;http://en.m.wikipedia.org
;http://en.m.wikipedia.org;http://en.m.wikipedia.org;http://en.m.wikipedia.org;http://en.m.wikipedia.org;http://en.m.wikipedia.org
;http://en.m.wikipedia.org;http://en.m.wikipedia.org;http://en.m.wikipedia.org;http://en.m.wikipedia.org;http://en.m.wikipedia.org
;http://en.m.wikipedia.org;http://en.m.wikipedia.org;http://en.m.wikipedia.org;http://en.m.wikipedia.org;http://en.m.wikipedia.org
;http://en.m.wikipedia.org;http://en.m.wikipedia.org;http://en.m.wikipedia.org;http://en.m.wikipedia.org;http://en.m.wikipedia.org
;http://en.m.wikipedia.org;http://en.m.wikipedia.org;http://en.m.wikipedia.org;http://en.m.wikipedia.org;http://en.m.wikipedia.org
;http://en.m.wikipedia.org;http://en.m.wikipedia.org;http://en.m.wikipedia.org;http://en.m.wikipedia.org;http://en.m.wikipedia.org
;http://en.m.wikipedia.org;http://en.m.wikipedia.org;http://en.m.wikipedia.org;http://en.m.wikipedia.org;http://en.m.wikipedia.org
;http://en.m.wikipedia.org;http://en.m.wikipedia.org;http://en.m.wikipedia.org;http://en.m.wikipedia.org;http://en.m.wikipedia.org
;http://en.m.wikipedia.org;http://en.m.wikipedia.org;http://en.m.wikipedia.org;http://en.m.wikipedia.org;http://en.m.wikipedia.org
;http://en.m.wikipedia.org;http://en.m.wikipedia.org;http://en.m.wikipedia.org;http://en.m.wikipedia.org;http://en.m.wikipedia.org
;http://en.m.wikipedia.org;http://en.m.wikipedia.org;http://en.m.wikipedia.org;http://en.m.wikipedia.org;http://en.m.wikipedia.org
;http://en.m.wikipedia.org;http://en.m.wikipedia.org;http://en.m.wikipedia.org;http://en.m.wikipedia.org;http://en.m.wikipedia.org
;http://en.m.wikipedia.org;http://en.m.wikipedia.org;http://en.m.wikipedia.org;http://en.m.wikipedia.org;http://en.m.wikipedia.org
;http://en.m.wikipedia.org;http://en.m.wikipedia.org;http://en.m.wikipedia.org;http://en.m.wikipedia.org;http://en.m.wikipedia.org
;http://en.m.wikipedia.org;http://en.m.wikipedia.org;http://en.m.wikipedia.org;http://en.m.wikipedia.org;http://en.m.wikipedia.org
;http://en.m.wikipedia.org;http://en.m.wikipedia.org;http://en.m.wikipedia.org;http://en.m.wikipedia.org;http://en.m.wikipedia.org
;http://en.m.wikipedia.org;http://en.m.wikipedia.org;http://en.m.wikipedia.org;http://en.m.wikipedia.org;http://en.m.wikipedia.org
;http://en.m.wikipedia.org;http://en.m.wikipedia.org;http://en.m.wikipedia.org;http://en.m.wikipedia.org;http://en.m.wikipedia.org
;http://en.m.wikipedia.org;http://en.m.wikipedia.org;http://en.m.wikipedia.org;http://en.m.wikipedia.org;http://en.m.wikipedia.org
;http://en.m.wikipedia.org;http://en.m.wikipedia.org;http://en.m.wikipedia.org;http://en.m.wikipedia.org;http://en.m.wikipedia.org
;http://en.m.wikipedia.org;http://en.m.wikipedia.org;http://en.m.wikipedia.org;http://en.m.wikipedia.org;http://en.m.wikipedia.org
;http://en.m.wikipedia.org;http://en.m.wikipedia.org;http://en.m.wikipedia.org;http://en.m.wikipedia.org;http://en.m.wikipedia.org
;http://en.m.wikipedia.org;http://en.m.wikipedia.org;http://en.m.wikipedia.org;http://en.m.wikipedia.org;http://en.m.wikipedia.org
;http://en.m.wikipedia.org;http://en.m.wikipedia.org;http://en.m.wikipedia.org;http://en.m.wikipedia.org;http://en.m.wikipedia.org
;http://en.m.wikipedia.org;http://en.m.wikipedia.org;http://en.m.wikipedia.org;http://en.m.wikipedia.org;http://en.m.wikipedia.org
;http://en.m.wikipedia.org;http://en.m.wikipedia.org;http://en.m.wikipedia.org;http://en.m.wikipedia.org;http://en.m.wikipedia.org
;http://en.m.wikipedia.org;http://en.m.wikipedia.org;http://en.m.wikipedia.org;http://en.m.wikipedia.org;http://en.m.wikipedia.org
;http://en.m.wikipedia.org;http://en.m.wikipedia.org;http://en.m.wikipedia.org;http://en.m.wikipedia.org;http://en.m.wikipedia.org
;http://en.m.wikipedia.org;http://en.m.wikipedia.org;http://en.m.wikipedia.org;http://en.m.wikipedia.org;http://en.m.wikipedia.org
;http://en.m.wikipedia.org;http://en.m.wikipedia.org;http://en.m.wikipedia.org;http://en.m.wikipedia.org;http://en.m.wikipedia.org
;http://en.m.wikipedia.org;http://en.m.wikipedia.org;http://en.m.wikipedia.org;http://en.m.wikipedia.org;http://en.m.wikipedia.org
;http://en.m.wikipedia.org;http://en.m.wikipedia.org;http://en.m.wikipedia.org;http://en.m.wikipedia.org;http://en.m.wikipedia.org
;http://en.m.wikipedia.org;http://en.m.wikipedia.org;http://en.m.wikipedia.org;http://en.m.wikipedia.org;http://en.m.wikipedia.org
;http://shorturl.at/sIKLM;http://shorturl.at/sIKLM;http://shorturl.at/sIKLM;http://shorturl.at/sIKLM;http://shorturl.at/sIKLM
;http://shorturl.at/sIKLM;http://shorturl.at/sIKLM;http://shorturl.at/sIKLM;http://shorturl.at/sIKLM;http://shorturl.at/sIKLM
;http://shorturl.at/sIKLM;http://shorturl.at/sIKLM;http://shorturl.at/sIKLM;http://shorturl.at/sIKLM;http://shorturl.at/sIKLM
;http://shorturl.at/sIKLM;http://shorturl.at/sIKLM;http://shorturl.at/sIKLM;http://shorturl.at/sIKLM;http://shorturl.at/sIKLM
;http://shorturl.at/sIKLM;http://shorturl.at/sIKLM;http://shorturl.at/sIKLM;http://shorturl.at/sIKLM;http://shorturl.at/sIKLM
;http://shorturl.at/sIKLM;http://shorturl.at/sIKLM;http://shorturl.at/sIKLM;http://shorturl.at/sIKLM;http://shorturl.at/sIKLM
;http://shorturl.at/sIKLM;http://shorturl.at/sIKLM;http://shorturl.at/sIKLM;http://shorturl.at/sIKLM;http://shorturl.at/sIKLM
;http://shorturl.at/sIKLM;http://shorturl.at/sIKLM;http://shorturl.at/sIKLM;http://shorturl.at/sIKLM;http://shorturl.at/sIKLM
;http://shorturl.at/sIKLM;http://shorturl.at/sIKLM;http://shorturl.at/sIKLM;http://shorturl.at/sIKLM;http://shorturl.at/sIKLM
;http://shorturl.at/sIKLM;http://shorturl.at/sIKLM;http://shorturl.at/sIKLM;http://shorturl.at/sIKLM;http://shorturl.at/sIKLM
;http://shorturl.at/sIKLM;http://shorturl.at/sIKLM;http://shorturl.at/sIKLM;http://shorturl.at/sIKLM;http://shorturl.at/sIKLM
;http://shorturl.at/sIKLM;http://shorturl.at/sIKLM;http://shorturl.at/sIKLM;http://shorturl.at/sIKLM;http://shorturl.at/sIKLM
;http://shorturl.at/sIKLM;http://shorturl.at/sIKLM;http://shorturl.at/sIKLM;http://shorturl.at/sIKLM;http://shorturl.at/sIKLM
;http://shorturl.at/sIKLM;http://shorturl.at/sIKLM;http://shorturl.at/sIKLM;http://shorturl.at/sIKLM;http://shorturl.at/sIKLM
;http://shorturl.at/sIKLM;http://shorturl.at/sIKLM;http://shorturl.at/sIKLM;http://shorturl.at/sIKLM;http://shorturl.at/sIKLM
;http://shorturl.at/sIKLM;http://shorturl.at/sIKLM;http://shorturl.at/sIKLM;http://shorturl.at/sIKLM;http://shorturl.at/sIKLM
;http://shorturl.at/sIKLM;http://shorturl.at/sIKLM;http://shorturl.at/sIKLM;http://shorturl.at/sIKLM;http://shorturl.at/sIKLM
;http://shorturl.at/sIKLM;http://shorturl.at/sIKLM;http://shorturl.at/sIKLM;http://shorturl.at/sIKLM;http://shorturl.at/sIKLM
;http://shorturl.at/sIKLM;http://shorturl.at/sIKLM;http://shorturl.at/sIKLM;http://shorturl.at/sIKLM;http://shorturl.at/sIKLM
;http://shorturl.at/sIKLM;http://shorturl.at/sIKLM;http://shorturl.at/sIKLM;http://shorturl.at/sIKLM;http://shorturl.at/sIKLM
;http://shorturl.at/sIKLM;http://shorturl.at/sIKLM;http://shorturl.at/sIKLM;http://shorturl.at/sIKLM;http://shorturl.at/sIKLM
;http://shorturl.at/sIKLM;http://shorturl.at/sIKLM;http://shorturl.at/sIKLM;http://shorturl.at/sIKLM;http://shorturl.at/sIKLM
;http://shorturl.at/sIKLM;http://shorturl.at/sIKLM;http://shorturl.at/sIKLM;http://shorturl.at/sIKLM;http://shorturl.at/sIKLM
;http://shorturl.at/sIKLM;http://shorturl.at/sIKLM;http://shorturl.at/sIKLM;http://shorturl.at/sIKLM;http://shorturl.at/sIKLM
;http://shorturl.at/sIKLM;http://shorturl.at/sIKLM;http://shorturl.at/sIKLM;http://shorturl.at/sIKLM;http://shorturl.at/sIKLM
;http://shorturl.at/sIKLM;http://shorturl.at/sIKLM;http://shorturl.at/sIKLM;http://shorturl.at/sIKLM;http://shorturl.at/sIKLM
;http://shorturl.at/sIKLM;http://shorturl.at/sIKLM;http://shorturl.at/sIKLM;http://shorturl.at/sIKLM;http://shorturl.at/sIKLM
;http://shorturl.at/sIKLM;http://shorturl.at/sIKLM;http://shorturl.at/sIKLM;http://shorturl.at/sIKLM;http://shorturl.at/sIKLM
;http://shorturl.at/sIKLM;http://shorturl.at/sIKLM;http://shorturl.at/sIKLM;http://shorturl.at/sIKLM;http://shorturl.at/sIKLM
;http://shorturl.at/sIKLM;http://shorturl.at/sIKLM;http://shorturl.at/sIKLM;http://shorturl.at/sIKLM;http://shorturl.at/sIKLM
;http://shorturl.at/sIKLM;http://shorturl.at/sIKLM;http://shorturl.at/sIKLM;http://shorturl.at/sIKLM;http://shorturl.at/sIKLM
;http://shorturl.at/sIKLM;http://shorturl.at/sIKLM;http://shorturl.at/sIKLM;http://shorturl.at/sIKLM;http://shorturl.at/sIKLM
;http://shorturl.at/sIKLM;http://shorturl.at/sIKLM;http://shorturl.at/sIKLM;http://shorturl.at/sIKLM;http://shorturl.at/sIKLM
;http://shorturl.at/sIKLM;http://shorturl.at/sIKLM;http://shorturl.at/sIKLM;http://shorturl.at/sIKLM;http://shorturl.at/sIKLM
;http://shorturl.at/sIKLM;http://shorturl.at/sIKLM;http://shorturl.at/sIKLM;http://shorturl.at/sIKLM;http://shorturl.at/sIKLM
;http://shorturl.at/sIKLM;http://shorturl.at/sIKLM;http://shorturl.at/sIKLM;http://shorturl.at/sIKLM;http://shorturl.at/sIKLM
;http://shorturl.at/sIKLM;http://shorturl.at/sIKLM;http://shorturl.at/sIKLM;http://shorturl.at/sIKLM;http://shorturl.at/sIKLM
;http://shorturl.at/sIKLM;http://shorturl.at/sIKLM;http://shorturl.at/sIKLM;http://shorturl.at/sIKLM;http://shorturl.at/sIKLM
;http://shorturl.at/sIKLM;http://shorturl.at/sIKLM;http://shorturl.at/sIKLM;http://shorturl.at/sIKLM;http://shorturl.at/sIKLM
;http://shorturl.at/sIKLM;http://shorturl.at/sIKLM;http://shorturl.at/sIKLM;http://shorturl.at/sIKLM;http://shorturl.at/sIKLM
;http://shorturl.at/sIKLM;http://shorturl.at/sIKLM;http://shorturl.at/sIKLM;http://shorturl.at/sIKLM;http://shorturl.at/sIKLM
;http://shorturl.at/sIKLM;http://shorturl.at/sIKLM;http://shorturl.at/sIKLM;http://shorturl.at/sIKLM;http://shorturl.at/sIKLM
;http://shorturl.at/sIKLM;http://shorturl.at/sIKLM;http://shorturl.at/sIKLM;http://shorturl.at/sIKLM;http://shorturl.at/sIKLM
;http://shorturl.at/sIKLM;http://shorturl.at/sIKLM;http://shorturl.at/sIKLM;http://shorturl.at/sIKLM;http://shorturl.at/sIKLM
;http://shorturl.at/sIKLM;http://shorturl.at/sIKLM;http://shorturl.at/sIKLM;http://shorturl.at/sIKLM;http://shorturl.at/sIKLM
;http://shorturl.at/sIKLM;http://shorturl.at/sIKLM;http://shorturl.at/sIKLM;http://shorturl.at/sIKLM;http://shorturl.at/sIKLM
;http://shorturl.at/sIKLM;http://shorturl.at/sIKLM;http://shorturl.at/sIKLM;http://shorturl.at/sIKLM;http://shorturl.at/sIKLM
;http://shorturl.at/sIKLM;http://shorturl.at/sIKLM;http://shorturl.at/sIKLM;http://shorturl.at/sIKLM;http://shorturl.at/sIKLM
;http://shorturl.at/sIKLM;http://shorturl.at/sIKLM;http://shorturl.at/sIKLM;http://shorturl.at/sIKLM;http://shorturl.at/sIKLM
;http://shorturl.at/sIKLM;http://shorturl.at/sIKLM;http://shorturl.at/sIKLM;http://shorturl.at/sIKLM;http://shorturl.at/sIKLM
;http://shorturl.at/sIKLM;http://shorturl.at/sIKLM;http://shorturl.at/sIKLM;http://shorturl.at/sIKLM;http://shorturl.at/sIKLM
;http://shorturl.at/sIKLM;http://shorturl.at/sIKLM;http://shorturl.at/sIKLM;http://shorturl.at/sIKLM;http://shorturl.at/sIKLM
;http://shorturl.at/sIKLM;http://shorturl.at/sIKLM;http://shorturl.at/sIKLM;http://shorturl.at/sIKLM;http://shorturl.at/sIKLM
;http://shorturl.at/sIKLM;http://shorturl.at/sIKLM;http://shorturl.at/sIKLM;http://shorturl.at/sIKLM;http://shorturl.at/sIKLM
